idx,sample,ACCESSION_NUMBER,ISSUERNAME,dataset_classification,edgar_finding,verdict,notes,inspected_on_edgar,edgar_link,full_submission_url
0,included,0001181431-06-054820,CONSTAR INTERNATIONAL INC,included: — (included),"Director; 7 lots, 827 shares, P, direct; footnote 'Purchases made pursuant to 10b5-1 plan'",correct,Open-market plan purchase; 10b5-1 flag set correctly. Company later bankrupt: no Tiingo series for 2006 (unpriced).,True,https://www.sec.gov/Archives/edgar/data/29806/000118143106054820/0001181431-06-054820-index.htm,https://www.sec.gov/Archives/edgar/data/29806/000118143106054820/0001181431-06-054820.txt
1,included,0001209191-14-066312,"PRGX GLOBAL, INC.",included: — (included),"Director; P 4,361 @ $5.2695 (31 Oct 2014) and 15,639 @ $5.2192 (3 Nov); weighted-average footnotes",correct,,True,https://www.sec.gov/Archives/edgar/data/1007330/000120919114066312/0001209191-14-066312-index.htm,https://www.sec.gov/Archives/edgar/data/1007330/000120919114066312/0001209191-14-066312.txt
2,included,0001415889-22-001573,ECOLAB INC.,included: — (included),"Director; P 5,000 @ $179.391; weighted-average footnote",correct,,True,https://www.sec.gov/Archives/edgar/data/31462/000141588922001573/0001415889-22-001573-index.htm,https://www.sec.gov/Archives/edgar/data/31462/000141588922001573/0001415889-22-001573.txt
3,included,0001209191-07-060583,Hanesbrands Inc.,included: — (included),"Director; 14 lots P on 29 Oct 2007 @ $29.23-29.37, all held by spouse (disclaimed)",correct,Open market; indirect (spouse) holding: whose decision cannot be verified.,True,https://www.sec.gov/Archives/edgar/data/1359841/000120919107060583/0001209191-07-060583-index.htm,https://www.sec.gov/Archives/edgar/data/1359841/000120919107060583/0001209191-07-060583.txt
4,included,0001534122-18-000032,Live Current Media Inc.,included: — (included),"Director; P 1,000 and 1,500 @ $0.06, direct; no footnotes",correct,"Below the $1 price floor, so never enters returns.",True,https://www.sec.gov/Archives/edgar/data/1108630/000153412218000032/0001534122-18-000032-index.htm,https://www.sec.gov/Archives/edgar/data/1108630/000153412218000032/0001534122-18-000032.txt
5,included,0001221432-16-000123,"Calamos Asset Management, Inc. /DE/",included: — (included),Chairman/CEO + family entity; 30 purchases by Calamos Investments LLC 'primarily to manage dilution',false_positive,Company-directed buying reported on an insider's Form 4; not a personal discretionary purchase. Not caught: wording not in screen.,True,https://www.sec.gov/Archives/edgar/data/1299033/000122143216000123/0001221432-16-000123-index.htm,https://www.sec.gov/Archives/edgar/data/1299033/000122143216000123/0001221432-16-000123.txt
6,included,0001181431-08-059610,BROADWAY FINANCIAL CORP \DE\,included: — (included),Director (also 'employed by a 9% owner'); P 100 @ $5.2495 via Williams Group Holdings LLC; F2: 'effected pursuant to a Rule 10b5-1 trading plan',flag_error,"Inclusion correct (plan purchases kept in primary), but the 10b5-1 flag missed it: the plan statement is in a footnote attached to a holding line, not the purchase line.",True,https://www.sec.gov/Archives/edgar/data/1001171/000118143108059610/0001181431-08-059610-index.htm,https://www.sec.gov/Archives/edgar/data/1001171/000118143108059610/0001181431-08-059610.txt
7,included,0001209191-13-009488,"Opko Health, Inc.",included: — (included),"CEO & Chairman (+ trust); 6 purchases, 57,500 sh @ $6.71-6.76, indirect via Frost Gamma Investments Trust",correct,Insider-controlled trust; open market.,True,https://www.sec.gov/Archives/edgar/data/944809/000120919113009488/0001209191-13-009488-index.htm,https://www.sec.gov/Archives/edgar/data/944809/000120919113009488/0001209191-13-009488.txt
8,included,0001132651-08-000009,AMES NATIONAL CORP,included: — (included),Director; P 450 @ $20.64 and 250 @ $19.90 via revocable family trust,correct,,True,https://www.sec.gov/Archives/edgar/data/1132651/000113265108000009/0001132651-08-000009-index.htm,https://www.sec.gov/Archives/edgar/data/1132651/000113265108000009/0001132651-08-000009.txt
9,included,0001225208-17-013429,"WINDSTREAM HOLDINGS, INC.",included: — (included),"Director; P 1,000 @ $2.10 and 1,000 @ $2.00, direct",correct,,True,https://www.sec.gov/Archives/edgar/data/1282266/000122520817013429/0001225208-17-013429-index.htm,https://www.sec.gov/Archives/edgar/data/1282266/000122520817013429/0001225208-17-013429.txt
10,included,0001144204-06-001466,ENUCLEUS INC,included: — (included),"Director and 10% owner; P 2,505,000 @ $0.28; warrants (3.5m) bought 4 days later; no footnote on the nature of the purchase; filed 17 business days late",probable_false_positive,"Pattern (large block plus warrants, round price) fits a private placement; cannot be confirmed from the filing. Below $1 floor, so never enters returns.",True,https://www.sec.gov/Archives/edgar/data/761034/000114420406001466/0001144204-06-001466-index.htm,https://www.sec.gov/Archives/edgar/data/761034/000114420406001466/0001144204-06-001466.txt
11,included,0001209191-14-043700,"Opko Health, Inc.",included: — (included),"CEO & Chairman (+ trust); 30 purchases, 62,103 sh @ $8.54-8.74, indirect via trust",correct,,True,https://www.sec.gov/Archives/edgar/data/944809/000120919114043700/0001209191-14-043700-index.htm,https://www.sec.gov/Archives/edgar/data/944809/000120919114043700/0001209191-14-043700.txt
12,included,0001388296-08-000032,"Henry Bros. Electronics, Inc.",included: — (included),"Director and 10% owner; 29 lots P on 2 Sep 2008 @ $6.60-7.03, direct",correct,,True,https://www.sec.gov/Archives/edgar/data/1099918/000138829608000032/0001388296-08-000032-index.htm,https://www.sec.gov/Archives/edgar/data/1099918/000138829608000032/0001388296-08-000032.txt
13,included,0001140361-17-041816,Metropolitan Bank Holding Corp.,included: — (included),"Director; P 5,000 (direct) + 1,000 (spouse) @ exactly $35.00 on 8 Nov 2017",false_positive,"Metropolitan Bank's IPO was priced at $35.00 and completed 10 Nov 2017: an IPO allocation, not an open-market purchase. No footnote says so. New listings lack 126 days of history, so it cannot enter the matched test; it can enter the event study.",True,https://www.sec.gov/Archives/edgar/data/1476034/000114036117041816/0001140361-17-041816-index.htm,https://www.sec.gov/Archives/edgar/data/1476034/000114036117041816/0001140361-17-041816.txt
14,included,0001388038-07-000022,KNOLL INC,included: — (included),"Director; 12 lots P on 28 Feb 2007 @ $22.98-23.19, direct",correct,,True,https://www.sec.gov/Archives/edgar/data/1011570/000138803807000022/0001388038-07-000022-index.htm,https://www.sec.gov/Archives/edgar/data/1011570/000138803807000022/0001388038-07-000022.txt
15,excluded,0001199037-07-000018,ELOYALTY CORP,excluded: owner is officer or director,10% owner only (Sutter Hill partner),correct,,True,https://www.sec.gov/Archives/edgar/data/1094348/000119903707000018/0001199037-07-000018-index.htm,https://www.sec.gov/Archives/edgar/data/1094348/000119903707000018/0001199037-07-000018.txt
16,excluded,0001140361-15-043644,"TORTOISE MLP FUND, INC.",excluded: issuer not a registered/closed-end fund,Registered closed-end fund (Tortoise MLP Fund); director purchase,correct,Fund issuer excluded as intended.,True,https://www.sec.gov/Archives/edgar/data/1490286/000114036115043644/0001140361-15-043644-index.htm,https://www.sec.gov/Archives/edgar/data/1490286/000114036115043644/0001140361-15-043644.txt
17,excluded,0001044321-07-000033,"Opexa Therapeutics, Inc.",excluded: owner is officer or director,"Joint filers, 10% owners only (Special Situations funds)",correct,,True,https://www.sec.gov/Archives/edgar/data/1069308/000104432107000033/0001044321-07-000033-index.htm,https://www.sec.gov/Archives/edgar/data/1069308/000104432107000033/0001044321-07-000033.txt
18,excluded,0001127602-09-016104,HUNT J B TRANSPORT SERVICES INC,excluded: owner is officer or director,"EVP and Chief Operations Officer, but the filer ticked 'Other' (not 'Officer'); P 5,109 @ $27.40",false_negative,Relationship field misses a genuine executive officer; the title is only in RPTOWNER_TXT.,True,https://www.sec.gov/Archives/edgar/data/728535/000112760209016104/0001127602-09-016104-index.htm,https://www.sec.gov/Archives/edgar/data/728535/000112760209016104/0001127602-09-016104.txt
19,excluded,0000950142-07-002024,DELPHI CORP,excluded: owner is officer or director,"Merrill Lynch entities, 10% owners; broker error-correction trades",correct,,True,https://www.sec.gov/Archives/edgar/data/1072342/000095014207002024/0000950142-07-002024-index.htm,https://www.sec.gov/Archives/edgar/data/1072342/000095014207002024/0000950142-07-002024.txt
20,excluded,0001181431-12-057696,Iridium Communications Inc.,excluded: owner is officer or director,"Baralonco Ltd and its owner, 10% owners",correct,,True,https://www.sec.gov/Archives/edgar/data/1418819/000118143112057696/0001181431-12-057696-index.htm,https://www.sec.gov/Archives/edgar/data/1418819/000118143112057696/0001181431-12-057696.txt
21,excluded,0001209191-07-069995,HEARST ARGYLE TELEVISION INC,excluded: owner is officer or director,"Hearst entities, 10% owners",correct,,True,https://www.sec.gov/Archives/edgar/data/949536/000120919107069995/0001209191-07-069995-index.htm,https://www.sec.gov/Archives/edgar/data/949536/000120919107069995/0001209191-07-069995.txt
22,excluded,0001078782-09-000157,GENCOR INDUSTRIES INC,excluded: owner is officer or director,"Houtkins, 10% owners; 2006 trades reported in 2009 after death",correct,,True,https://www.sec.gov/Archives/edgar/data/64472/000107878209000157/0001078782-09-000157-index.htm,https://www.sec.gov/Archives/edgar/data/64472/000107878209000157/0001078782-09-000157.txt
23,excluded,0001140361-10-023208,NTS REALTY HOLDINGS LP,excluded: common/ordinary equity title,Director and 10% owner; 'Limited Partnership Units' bought by family trusts/entity under 10b5-1 plans,correct,"Excluded by the common-equity title rule, as specified (LP units).",True,https://www.sec.gov/Archives/edgar/data/1278384/000114036110023208/0001140361-10-023208-index.htm,https://www.sec.gov/Archives/edgar/data/1278384/000114036110023208/0001140361-10-023208.txt
24,excluded,0000947871-07-000971,Macquarie Infrastructure CO LLC,excluded: common/ordinary equity title,Director; 30 purchases of 'Limited Liability Company Interest' @ $40.99-41.09,false_negative,MIC's LLC interests are its listed common equity; the title rule excludes them.,True,https://www.sec.gov/Archives/edgar/data/1289790/000094787107000971/0000947871-07-000971-index.htm,https://www.sec.gov/Archives/edgar/data/1289790/000094787107000971/0000947871-07-000971.txt
25,excluded,0001225208-09-006713,INTERNATIONAL SPEEDWAY CORP,excluded: owner is officer or director,"Carl Two LP, 10% owner / France family group member",correct,,True,https://www.sec.gov/Archives/edgar/data/51548/000122520809006713/0001225208-09-006713-index.htm,https://www.sec.gov/Archives/edgar/data/51548/000122520809006713/0001225208-09-006713.txt
26,excluded,0001209191-22-010575,Warby Parker Inc.,excluded: owner is officer or director,"Durable Capital Partners, 10% owner",correct,,True,https://www.sec.gov/Archives/edgar/data/1504776/000120919122010575/0001209191-22-010575-index.htm,https://www.sec.gov/Archives/edgar/data/1504776/000120919122010575/0001209191-22-010575.txt
27,excluded,0000919574-11-003894,PRIMUS GUARANTY LTD,excluded: owner is officer or director,"Second Curve Capital and Thomas Brown, 10% owners",correct,,True,https://www.sec.gov/Archives/edgar/data/1170593/000091957411003894/0000919574-11-003894-index.htm,https://www.sec.gov/Archives/edgar/data/1170593/000091957411003894/0000919574-11-003894.txt
28,excluded,0000892712-07-000779,TRANSGENOMIC INC,excluded: owner is officer or director,"LeRoy Kopp, 10% owner; 2001-2004 trades reported in 2007",correct,,True,https://www.sec.gov/Archives/edgar/data/1043961/000089271207000779/0000892712-07-000779-index.htm,https://www.sec.gov/Archives/edgar/data/1043961/000089271207000779/0000892712-07-000779.txt
29,excluded,0001362118-07-000087,"First California Financial Group, Inc.",excluded: owner is officer or director,"Robert Pohlad, 10% owner; purchases under three share-purchase agreements",correct,Also private (contractual) purchases.,True,https://www.sec.gov/Archives/edgar/data/1370291/000136211807000087/0001362118-07-000087-index.htm,https://www.sec.gov/Archives/edgar/data/1370291/000136211807000087/0001362118-07-000087.txt
30,footnote-screened,0001209191-13-049603,Main Street Capital CORP,footnote-screened: footnote screen (not private/offering/plan acquisition),Director; 3 fractional DRIP purchases @ $30.25; 'dividend reinvestment plan ... Rule 16a-11',correct,,True,https://www.sec.gov/Archives/edgar/data/1396440/000120919113049603/0001209191-13-049603-index.htm,https://www.sec.gov/Archives/edgar/data/1396440/000120919113049603/0001209191-13-049603.txt
31,footnote-screened,0001209191-15-058126,"Green Brick Partners, Inc.",footnote-screened: footnote screen (not private/offering/plan acquisition),Greenlight/Einhorn entities (director and 10% owner); 3.57m @ $10 'in an underwritten public offering',correct,,True,https://www.sec.gov/Archives/edgar/data/1373670/000120919115058126/0001209191-15-058126-index.htm,https://www.sec.gov/Archives/edgar/data/1373670/000120919115058126/0001209191-15-058126.txt
32,footnote-screened,0001569187-25-000055,"Armada Hoffler Properties, Inc.",footnote-screened: footnote screen (not private/offering/plan acquisition),Director; 954.154 sh @ $7.236; 'broker-sponsored dividend reinvestment program',correct,,True,https://www.sec.gov/Archives/edgar/data/1569187/000156918725000055/0001569187-25-000055-index.htm,https://www.sec.gov/Archives/edgar/data/1569187/000156918725000055/0001569187-25-000055.txt
33,footnote-screened,0001209191-19-053778,PREFORMED LINE PRODUCTS CO,footnote-screened: footnote screen (not private/offering/plan acquisition),Director; 17 sh @ $54.40; 'automatic dividend reinvestment',correct,,True,https://www.sec.gov/Archives/edgar/data/80035/000120919119053778/0001209191-19-053778-index.htm,https://www.sec.gov/Archives/edgar/data/80035/000120919119053778/0001209191-19-053778.txt
34,footnote-screened,0001181431-11-010659,EASTERN VIRGINIA BANKSHARES INC,footnote-screened: footnote screen (not private/offering/plan acquisition),Director; 64.1026 sh @ $4.68; 'optional cash payments under the Dividend Reinvestment and Stock Purchase Plan',correct,,True,https://www.sec.gov/Archives/edgar/data/1047170/000118143111010659/0001181431-11-010659-index.htm,https://www.sec.gov/Archives/edgar/data/1047170/000118143111010659/0001181431-11-010659.txt
